<?xml version="1.0" encoding="UTF-8" standalone="yes" ?>
<CodeBlocks_plugin_manifest_file>
    <SdkVersion major="1" minor="11"  release="2" />
    <Plugin name="KeyMacs">
        <Value title="KeyMacs" />
        <Value version="1.3.20" />
        <Value description="Keystroke Macros http://wiki.codeblocks.org/index.php?title=KeyMacs_plugin" />
        <Value author="Pecan" />
        <Value authorEmail="pecan(at)users.berlios.de" />
        <Value authorWebsite="http://wiki.codeblocks.org/index.php?title=KeyMacs_plugin" />
        <Value thanksTo="" />
        <Value license="GPL" />
    </Plugin>
</CodeBlocks_plugin_manifest_file>
