<?xml version="1.0" encoding="UTF-8" standalone="yes" ?>
<CodeBlocks_plugin_manifest_file>
    <SdkVersion major="1" minor="11"  release="12" />
    <Plugin name="cbDiff">
        <Value title="cbDiff" />
        <Value version="1.0" />
        <Value description="Allows to view the difference between two files" />
        <Value author="GeO" />
        <Value authorEmail="GeO.GeO@live.de" />
        <Value authorWebsite="" />
        <Value thanksTo="Tatsuhiko Kubo <cubicdaiya@gmail.com> for the diff template library" />
        <Value license="cbDiff: GPL    dtl: BSD license" />
    </Plugin>
</CodeBlocks_plugin_manifest_file>
